entity,area,relation
香蕉黑带象甲,广东,主要发生地
香蕉黑带象甲,广西,主要发生地
香蕉黑带象甲,贵州,主要发生地
香蕉黑带象甲,福建,主要发生地
香蕉黑带象甲,台湾,主要发生地
香蕉黑带象甲,海南,主要发生地
枣壁虱,河北,主要发生地
枣壁虱,山东,主要发生地
柿小叶蝉,河北,主要发生地
柿小叶蝉,河南,主要发生地
柿小叶蝉,山东,主要发生地
柿小叶蝉,山西,主要发生地
柿小叶蝉,江苏,主要发生地
柿小叶蝉,安徽,主要发生地
柿小叶蝉,浙江,主要发生地
柿小叶蝉,四川,主要发生地
樗蚕蛾,东北,主要发生地
樗蚕蛾,中南,主要发生地
樗蚕蛾,山东,主要发生地
樗蚕蛾,北京,主要发生地
樗蚕蛾,河北,主要发生地
樗蚕蛾,河南,主要发生地
樗蚕蛾,山西,主要发生地
樗蚕蛾,江苏,主要发生地
樗蚕蛾,浙江,主要发生地
樗蚕蛾,福建,主要发生地
樗蚕蛾,台湾,主要发生地
樗蚕蛾,四川,主要发生地
柑橘溃疡病,福建,主要发生地
柑橘溃疡病,广东,主要发生地
柑橘溃疡病,广西,主要发生地
柑橘溃疡病,江西,主要发生地
柑橘溃疡病,浙江,主要发生地
柑橘溃疡病,湖南,主要发生地
柑橘溃疡病,湖北,主要发生地
柑橘溃疡病,四川,主要发生地
柑橘溃疡病,贵州,主要发生地
柑橘溃疡病,台湾,主要发生地
鸟嘴壶夜蛾,陕西,主要发生地
鸟嘴壶夜蛾,浙江,主要发生地
鸟嘴壶夜蛾,广东,主要发生地
鸟嘴壶夜蛾,台湾,主要发生地
大绿蝽,江苏,主要发生地
大绿蝽,浙江,主要发生地
大绿蝽,湖北,主要发生地
大绿蝽,江西,主要发生地
大绿蝽,湖南,主要发生地
大绿蝽,福建,主要发生地
大绿蝽,台湾,主要发生地
大绿蝽,广东,主要发生地
大绿蝽,广西,主要发生地
大绿蝽,贵州,主要发生地
大绿蝽,四川,主要发生地
柑橘粉虱,北京,主要发生地
柑橘粉虱,河北,主要发生地
柑橘粉虱,山东,主要发生地
柑橘粉虱,安徽,主要发生地
柑橘粉虱,江苏,主要发生地
柑橘粉虱,上海,主要发生地
柑橘粉虱,浙江,主要发生地
柑橘粉虱,湖北,主要发生地
柑橘粉虱,湖南,主要发生地
柑橘粉虱,福建,主要发生地
柑橘粉虱,台湾,主要发生地
柑橘粉虱,广东,主要发生地
柑橘粉虱,海南,主要发生地
柑橘粉虱,广西,主要发生地
柑橘粉虱,云南,主要发生地
柑橘粉虱,四川,主要发生地
红蜡蚧,浙江,主要发生地
红蜡蚧,贵州,主要发生地
油桐尺蛾,安徽,主要发生地
油桐尺蛾,江苏,主要发生地
油桐尺蛾,浙江,主要发生地
油桐尺蛾,江西,主要发生地
油桐尺蛾,湖北,主要发生地
油桐尺蛾,湖南,主要发生地
油桐尺蛾,四川,主要发生地
油桐尺蛾,贵州,主要发生地
油桐尺蛾,广东,主要发生地
油桐尺蛾,广西,主要发生地
油桐尺蛾,福建,主要发生地
油桐尺蛾,云南,主要发生地
柑橘溜皮虫,湖南,主要发生地
柑橘溜皮虫,福建,主要发生地
柑橘溜皮虫,江西,主要发生地
柑橘溜皮虫,广东,主要发生地
柑橘溜皮虫,广西,主要发生地
荔枝瘿螨,广西,主要发生地
爻纹细蛾,福建,主要发生地
爻纹细蛾,台湾,主要发生地
爻纹细蛾,广东,主要发生地
爻纹细蛾,海南,主要发生地
爻纹细蛾,广西,主要发生地
爻纹细蛾,四川,主要发生地
爻纹细蛾,浙江,主要发生地
蓖麻夜蛾,湖南,主要发生地
蓖麻夜蛾,台湾,主要发生地
蓖麻夜蛾,云南,主要发生地
蓖麻夜蛾,广东,主要发生地
蓖麻夜蛾,广西,主要发生地
蓖麻夜蛾,西藏,主要发生地
脊胸天牛,广东,主要发生地
脊胸天牛,广西,主要发生地
脊胸天牛,云南,主要发生地
杧果扁喙叶蝉,福建,主要发生地
杧果扁喙叶蝉,广东,主要发生地
杧果扁喙叶蝉,广西,主要发生地
杧果扁喙叶蝉,云南,主要发生地
黄星天牛,河北,主要发生地
黄星天牛,江苏,主要发生地
黄星天牛,浙江,主要发生地
黄星天牛,安徽,主要发生地
黄星天牛,江西,主要发生地
黄星天牛,四川,主要发生地
黄星天牛,云南,主要发生地
黄星天牛,台湾,主要发生地
四纹丽金龟,辽宁,主要发生地
四纹丽金龟,蒙古,主要发生地
四纹丽金龟,宁夏,主要发生地
四纹丽金龟,甘肃,主要发生地
四纹丽金龟,青海,主要发生地
四纹丽金龟,陕西,主要发生地
四纹丽金龟,山西,主要发生地
四纹丽金龟,北京,主要发生地
四纹丽金龟,河北,主要发生地
四纹丽金龟,山东,主要发生地
四纹丽金龟,江苏,主要发生地
四纹丽金龟,浙江,主要发生地
四纹丽金龟,福建,主要发生地
四纹丽金龟,台湾,主要发生地
四纹丽金龟,湖南,主要发生地
四纹丽金龟,广西,主要发生地
四纹丽金龟,四川,主要发生地
顶芽卷蛾,华北,主要发生地
顶芽卷蛾,华东,主要发生地
顶芽卷蛾,西北,主要发生地
李枯叶蛾,东北,主要发生地
李枯叶蛾,华北,主要发生地
李枯叶蛾,西北,主要发生地
李枯叶蛾,华东,主要发生地
李枯叶蛾,中南,主要发生地
樱桃实蜂,陕西,主要发生地
杏白带麦蛾,河北,主要发生地
杏白带麦蛾,河南,主要发生地
杏白带麦蛾,山西,主要发生地
杏白带麦蛾,陕西,主要发生地
樱桃粘叶蜂,西北,主要发生地
樱桃粘叶蜂,山东,主要发生地
樱桃粘叶蜂,河南,主要发生地
樱桃粘叶蜂,山西,主要发生地
樱桃粘叶蜂,四川,主要发生地
樱桃粘叶蜂,云南,主要发生地
樱桃粘叶蜂,江苏,主要发生地
樱桃卷叶蚜,吉林,主要发生地
樱桃瘿瘤头蚜,浙江,主要发生地
樱桃瘿瘤头蚜,北京,主要发生地
樱桃瘿瘤头蚜,河南,主要发生地
樱桃瘿瘤头蚜,河北,主要发生地
葡萄煤点病,吉林,主要发生地
葡萄煤点病,辽宁,主要发生地
葡萄煤点病,河北,主要发生地
葡萄煤点病,陕西,主要发生地
葡萄煤点病,河南,主要发生地
葡萄煤点病,江苏,主要发生地
葡萄房枯病,安徽,主要发生地
葡萄房枯病,江苏,主要发生地
葡萄房枯病,山东,主要发生地
葡萄房枯病,河北,主要发生地
葡萄房枯病,辽宁,主要发生地
葡萄房枯病,广东,主要发生地
葡萄大房枯病,河南,主要发生地
葡萄大房枯病,四川,主要发生地
葡萄大房枯病,广东,主要发生地
葡萄灰霉病,山东,主要发生地
葡萄灰霉病,四川,主要发生地
葡萄灰霉病,上海,主要发生地
葡萄灰霉病,湖南,主要发生地
葡萄锈病,广州,主要发生地
葡萄锈病,广西,主要发生地
葡萄锈病,云南,主要发生地
葡萄锈病,福建,主要发生地
葡萄锈病,四川,主要发生地
葡萄锈病,江南,主要发生地
葡萄根癌病,江苏,主要发生地
葡萄根癌病,安徽,主要发生地
葡萄根癌病,湖南,主要发生地
葡萄根癌病,江西,主要发生地
葡萄根癌病,辽宁,主要发生地
葡萄根癌病,上海,主要发生地
葡萄卷叶病,京,主要发生地
葡萄卷叶病,北,主要发生地
葡萄卷叶病,津,主要发生地
葡萄卷叶病,东,主要发生地
葡萄斑点病,郑州,主要发生地
葡萄斑点病,沈阳,主要发生地
葡萄瘿蚊,陕西,主要发生地
栗炭疽病,江苏,主要发生地
栗炭疽病,浙江,主要发生地
栗炭疽病,江西,主要发生地
栗炭疽病,福建,主要发生地
栗炭疽病,广东,主要发生地
栗小爪螨,北京,主要发生地
栗小爪螨,河南,主要发生地
栗小爪螨,山东,主要发生地
栗小爪螨,江苏,主要发生地
栗小爪螨,安徽,主要发生地
栗小爪螨,浙江,主要发生地
栗小爪螨,江西,主要发生地
栗透翅蛾,山东,主要发生地
栗透翅蛾,江西,主要发生地
核桃黑斑病,东北,主要发生地
核桃黑斑病,华北,主要发生地
核桃黑斑病,西北,主要发生地
核桃褐斑病,陕西,主要发生地
核桃褐斑病,河北,主要发生地
核桃褐斑病,吉林,主要发生地
核桃褐斑病,四川,主要发生地
核桃褐斑病,河南,主要发生地
核桃褐斑病,山东,主要发生地
云斑天牛,华北,主要发生地
云斑天牛,东北,主要发生地
云斑天牛,华中,主要发生地
云斑天牛,华南,主要发生地
木橑尺蠖,西北,主要发生地
木橑尺蠖,西南,主要发生地
木橑尺蠖,华中,主要发生地
核桃黑斑蚜,辽宁,主要发生地
枣焦叶病,河南,主要发生地
枣焦叶病,甘肃,主要发生地
枣焦叶病,内蒙,主要发生地
枣焦叶病,安徽,主要发生地
枣焦叶病,浙江,主要发生地
枣炭疽病,河南,主要发生地
枣炭疽病,山西,主要发生地
枣炭疽病,陕西,主要发生地
枣炭疽病,安徽,主要发生地
枣轮纹病,河南,主要发生地
枣轮纹病,河北,主要发生地
枣轮纹病,山东,主要发生地
枣轮纹病,安徽,主要发生地
枣灰斑病,安徽,主要发生地
枣灰斑病,河南,主要发生地
枣飞象,河南,主要发生地
枣飞象,河北,主要发生地
枣飞象,山东,主要发生地
枣飞象,陕西,主要发生地
枣飞象,山西,主要发生地
枣飞象,辽宁,主要发生地
梨叶蜂,山东,主要发生地
梨叶蜂,河南,主要发生地
梨叶蜂,山西,主要发生地
梨叶蜂,四川,主要发生地
梨叶蜂,云南,主要发生地
梨叶蜂,江苏,主要发生地
梨黄粉蚜,辽宁,主要发生地
梨黄粉蚜,河北,主要发生地
梨黄粉蚜,山东,主要发生地
梨黄粉蚜,江苏,主要发生地
梨黄粉蚜,安徽,主要发生地
梨黄粉蚜,河南,主要发生地
梨黄粉蚜,陕西,主要发生地
中国梨木虱,河北,主要发生地
中国梨木虱,山东,主要发生地
中国梨木虱,山西,主要发生地
中国梨木虱,陕西,主要发生地
中国梨木虱,宁夏,主要发生地
中国梨木虱,安徽,主要发生地
梨潜皮细蛾,辽宁,主要发生地
梨潜皮细蛾,河北,主要发生地
梨潜皮细蛾,山东,主要发生地
梨潜皮细蛾,河南,主要发生地
梨潜皮细蛾,陕西,主要发生地
梨潜皮细蛾,甘肃,主要发生地
梨潜皮细蛾,四川,主要发生地
梨潜皮细蛾,江苏,主要发生地
梨潜皮细蛾,浙江,主要发生地
梨叶肿瘿螨,吉林,主要发生地
梨叶肿瘿螨,辽宁,主要发生地
梨叶肿瘿螨,河北,主要发生地
梨叶肿瘿螨,河南,主要发生地
梨叶肿瘿螨,山东,主要发生地
梨叶肿瘿螨,江苏,主要发生地
梨叶肿瘿螨,山西,主要发生地
梨叶肿瘿螨,宁夏,主要发生地
梨叶肿瘿螨,陕西,主要发生地
梨叶肿瘿螨,青海,主要发生地
梨叶肿瘿螨,新疆,主要发生地
梨叶肿瘿螨,四川,主要发生地
果红裙扁身夜蛾,湖北,主要发生地
果红裙扁身夜蛾,四川,主要发生地
山楂花腐病,吉林,主要发生地
山楂枯梢病,辽宁,主要发生地
山楂枯梢病,河南,主要发生地
山楂枯梢病,河北,主要发生地
山楂喀木虱,辽宁,主要发生地
山楂喀木虱,河北,主要发生地
山楂喀木虱,山西,主要发生地
芽白小卷蛾,华北,主要发生地
芽白小卷蛾,华东,主要发生地
芽白小卷蛾,西北,主要发生地
旋纹潜叶蛾,吉林,主要发生地
旋纹潜叶蛾,辽宁,主要发生地
旋纹潜叶蛾,河北,主要发生地
旋纹潜叶蛾,山西,主要发生地
旋纹潜叶蛾,陕西,主要发生地
旋纹潜叶蛾,宁夏,主要发生地
旋纹潜叶蛾,新疆,主要发生地
旋纹潜叶蛾,山东,主要发生地
旋纹潜叶蛾,江苏,主要发生地
旋纹潜叶蛾,河南,主要发生地
旋纹潜叶蛾,四川,主要发生地
旋纹潜叶蛾,贵州,主要发生地
红棕灰夜蛾,河北,主要发生地
红棕灰夜蛾,华东,主要发生地
红棕灰夜蛾,甘肃,主要发生地
红棕灰夜蛾,江西,主要发生地
东方盔蚧,东北,主要发生地
东方盔蚧,华北,主要发生地
东方盔蚧,西北,主要发生地
东方盔蚧,华东,主要发生地
苹毛虫,华北,主要发生地
苹毛虫,西北,主要发生地
苹毛虫,华东,主要发生地
李短尾蚜,北京,主要发生地
李短尾蚜,山东,主要发生地
李短尾蚜,河南,主要发生地
李短尾蚜,新疆,主要发生地
李短尾蚜,浙江,主要发生地
李短尾蚜,福建,主要发生地
李短尾蚜,台湾,主要发生地
李短尾蚜,四川,主要发生地
苹果树枝溃疡病,甘肃,主要发生地
苹果树枝溃疡病,山西,主要发生地
苹果树枝溃疡病,安徽,主要发生地
苹果树枝溃疡病,江苏,主要发生地
苹果花腐病,陕西,主要发生地
苹果花腐病,云南,主要发生地
苹果花腐病,四川,主要发生地
苹果疫腐病,北京,主要发生地
苹果黑点病,陕西,主要发生地
苹果黑点病,山西,主要发生地
苹果树赤衣病,江西,主要发生地
苹果树赤衣病,湖北,主要发生地
苹果树赤衣病,陕西,主要发生地
苹果毛根病,辽宁,主要发生地
苹果毛根病,河北,主要发生地
苹果毛根病,山东,主要发生地
苹果绿皱果病,甘肃,主要发生地
苹果绿皱果病,陕西,主要发生地
苹果绿皱果病,河南,主要发生地
苹果绿皱果病,辽宁,主要发生地
苹果皱叶病,河北,主要发生地
苹果皱叶病,天津,主要发生地
苹果扁枝病,陕西,主要发生地
苹果扁枝病,河南,主要发生地
苹果扁枝病,山西,主要发生地
苹果扁枝病,辽宁,主要发生地
苹褐卷叶蛾,东北,主要发生地
苹褐卷叶蛾,华北,主要发生地
苹褐卷叶蛾,西北,主要发生地
苹褐卷叶蛾,华东,主要发生地
苹褐卷叶蛾,华中,主要发生地
黄斑卷蛾,吉林,主要发生地
黄斑卷蛾,辽宁,主要发生地
黄斑卷蛾,北京,主要发生地
黄斑卷蛾,河北,主要发生地
黄斑卷蛾,山西,主要发生地
黄斑卷蛾,山东,主要发生地
黄斑卷蛾,河南,主要发生地
黄斑卷蛾,陕西,主要发生地
黄斑卷蛾,甘肃,主要发生地
苹果根绵蚜,东北,主要发生地
苹果根绵蚜,华北,主要发生地
苹果根绵蚜,西北,主要发生地
苹果根绵蚜,河南,主要发生地
苹果根绵蚜,山东,主要发生地
苹果根绵蚜,湖北,主要发生地
梨火疫病,河北,主要发生地
梨火疫病,北京,主要发生地
梨火疫病,天津,主要发生地
梨火疫病,河南,主要发生地
梨炭疽病,辽宁,主要发生地
梨炭疽病,河北,主要发生地
梨炭疽病,河南,主要发生地
梨炭疽病,山东,主要发生地
梨炭疽病,陕西,主要发生地
梨炭疽病,云南,主要发生地
梨炭疽病,江西,主要发生地
梨炭疽病,江苏,主要发生地
梨炭疽病,浙江,主要发生地
梨大食心虫,河北,主要发生地
梨大食心虫,山西,主要发生地
梨大食心虫,山东,主要发生地
梨大食心虫,河南,主要发生地
梨大食心虫,安徽,主要发生地
红蜘蛛,河北,主要发生地
红蜘蛛,北京,主要发生地
红蜘蛛,河南,主要发生地
红蜘蛛,辽东,主要发生地
红蜘蛛,江苏,主要发生地
红蜘蛛,广东,主要发生地
红蜘蛛,广西,主要发生地
瓜绢螟,河南,主要发生地
瓜绢螟,湖北,主要发生地
瓜绢螟,江西,主要发生地
瓜绢螟,贵州,主要发生地
瓜绢螟,广西,主要发生地
瓜绢螟,云南,主要发生地
瓜绢螟,江苏,主要发生地
瓜绢螟,浙江,主要发生地
瓜绢螟,福建,主要发生地
瓜绢螟,四川,主要发生地
瓜绢螟,广东,主要发生地
瓜绢螟,台湾,主要发生地
烟青虫,山东,主要发生地
烟青虫,河南,主要发生地
烟青虫,山西,主要发生地
烟青虫,陕西,主要发生地
烟青虫,安徽,主要发生地
烟青虫,江苏,主要发生地
烟青虫,湖北,主要发生地
烟青虫,浙江,主要发生地
烟青虫,四川,主要发生地
烟青虫,云南,主要发生地
瓜实蝇,江苏,主要发生地
瓜实蝇,福建,主要发生地
瓜实蝇,海南,主要发生地
瓜实蝇,广东,主要发生地
瓜实蝇,广西,主要发生地
瓜实蝇,贵州,主要发生地
瓜实蝇,云南,主要发生地
瓜实蝇,四川,主要发生地
瓜实蝇,湖南,主要发生地
瓜实蝇,台湾,主要发生地
扁豆夜蛾,四川,主要发生地
刺足根螨,辽宁,主要发生地
刺足根螨,吉林,主要发生地
刺足根螨,江苏,主要发生地
刺足根螨,上海,主要发生地
刺足根螨,浙江,主要发生地
刺足根螨,福建,主要发生地
刺足根螨,四川,主要发生地
枸杞木虱,宁夏,主要发生地
枸杞木虱,甘肃,主要发生地
枸杞木虱,新疆,主要发生地
枸杞木虱,陕西,主要发生地
枸杞木虱,河北,主要发生地
枸杞木虱,内蒙,主要发生地
十四点负泥甲,吉林,主要发生地
十四点负泥甲,辽宁,主要发生地
十四点负泥甲,北京,主要发生地
十四点负泥甲,河北,主要发生地
十四点负泥甲,山东,主要发生地
十四点负泥甲,江苏,主要发生地
十四点负泥甲,浙江,主要发生地
十四点负泥甲,福建,主要发生地
十四点负泥甲,陕西,主要发生地
十四点负泥甲,广西,主要发生地
莲潜叶摇蚊,安徽,主要发生地
莲潜叶摇蚊,湖北,主要发生地
茭白锈病,浙江,主要发生地
茭白锈病,江苏,主要发生地
茭白锈病,安徽,主要发生地
茭白锈病,湖北,主要发生地
茭白锈病,湖南,主要发生地
茭白锈病,广东,主要发生地
茭白锈病,广西,主要发生地
茭白锈病,台湾,主要发生地
茭白锈病,四川,主要发生地
黄色白禾螟,上海,主要发生地
黄色白禾螟,江苏,主要发生地
黄色白禾螟,安徽,主要发生地
黄色白禾螟,浙江,主要发生地
黄色白禾螟,湖南,主要发生地
黄色白禾螟,福建,主要发生地
盗毒蛾,华东,主要发生地
白雪灯蛾,青海,主要发生地
白雪灯蛾,陕西,主要发生地
白雪灯蛾,内蒙古,主要发生地
白雪灯蛾,河北,主要发生地
白雪灯蛾,河南,主要发生地
白雪灯蛾,山东,主要发生地
白雪灯蛾,浙江,主要发生地
白雪灯蛾,湖北,主要发生地
白雪灯蛾,江西,主要发生地
白雪灯蛾,湖南,主要发生地
白雪灯蛾,福建,主要发生地
白雪灯蛾,广西,主要发生地
白雪灯蛾,四川,主要发生地
白雪灯蛾,云南,主要发生地
斑鞘豆叶甲,黑龙江,主要发生地
斑鞘豆叶甲,河北,主要发生地
斑鞘豆叶甲,陕西,主要发生地
斑鞘豆叶甲,江苏,主要发生地
斑鞘豆叶甲,安徽,主要发生地
斑鞘豆叶甲,浙江,主要发生地
斑鞘豆叶甲,福建,主要发生地
斑鞘豆叶甲,台湾,主要发生地
斑鞘豆叶甲,广东,主要发生地
斑鞘豆叶甲,广西,主要发生地
斑鞘豆叶甲,四川,主要发生地
斑鞘豆叶甲,云南,主要发生地
豆叶螨,浙江,主要发生地
豆叶螨,江苏,主要发生地
豆叶螨,四川,主要发生地
豆叶螨,云南,主要发生地
豆叶螨,湖北,主要发生地
豆叶螨,福建,主要发生地
豆叶螨,台湾,主要发生地
盗毒蛾,华南,主要发生地
盗毒蛾,西南,主要发生地
盗毒蛾,东北,主要发生地
毛豆叶斑病,河南,主要发生地
毛豆叶斑病,山东,主要发生地
毛豆叶斑病,江苏,主要发生地
毛豆黑点病,东北,主要发生地
毛豆黑点病,河南,主要发生地
毛豆黑点病,山东,主要发生地
毛豆黑点病,江苏,主要发生地
毛豆黑点病,湖北,主要发生地
毛豆黑点病,四川,主要发生地
毛豆黑点病,云南,主要发生地
毛豆茎枯病,华北,主要发生地
茄无网蚜,青海,主要发生地
茄无网蚜,河北,主要发生地
茄无网蚜,山东,主要发生地
茄无网蚜,河南,主要发生地
茄无网蚜,浙江,主要发生地
茄无网蚜,四川,主要发生地
黄领麻纹灯蛾,湖南,主要发生地
黄领麻纹灯蛾,云南,主要发生地
黄领麻纹灯蛾,贵州,主要发生地
甘薯肖叶甲,东北,主要发生地
甘薯肖叶甲,华北,主要发生地
甘薯肖叶甲,西北,主要发生地
甘薯肖叶甲,华中,主要发生地
甘薯肖叶甲,西南,主要发生地
甘薯肖叶甲,华东,主要发生地
莴笋锈病,广西,主要发生地
莴笋锈病,云南,主要发生地
莴苣冬夜蛾,新疆,主要发生地
莴苣冬夜蛾,江西,主要发生地
莴苣冬夜蛾,辽宁,主要发生地
莴苣冬夜蛾,吉林,主要发生地
莴苣冬夜蛾,浙江,主要发生地
葡萄蔓割病,山东,主要发生地
葡萄叶斑病,河北,主要发生地
黑额光叶甲,辽宁,主要发生地
黑额光叶甲,河北,主要发生地
黑额光叶甲,北京,主要发生地
黑额光叶甲,山西,主要发生地
黑额光叶甲,陕西,主要发生地
黑额光叶甲,山东,主要发生地
黑额光叶甲,河南,主要发生地
黑额光叶甲,江苏,主要发生地
黑额光叶甲,安徽,主要发生地
黑额光叶甲,浙江,主要发生地
黑额光叶甲,湖北,主要发生地
黑额光叶甲,江西,主要发生地
黑额光叶甲,湖南,主要发生地
黑额光叶甲,福建,主要发生地
黑额光叶甲,台湾,主要发生地
黑额光叶甲,广东,主要发生地
黑额光叶甲,广西,主要发生地
黑额光叶甲,四川,主要发生地
黑额光叶甲,贵州,主要发生地
菜叶蜂,安徽,主要发生地
菜叶蜂,浙江,主要发生地
菜叶蜂,江西,主要发生地
菜叶蜂,福建,主要发生地
菜叶蜂,台湾,主要发生地
菜叶蜂,四川,主要发生地
菜叶蜂,云南,主要发生地
大猿叶甲,东北,主要发生地
大猿叶甲,甘肃,主要发生地
大猿叶甲,青海,主要发生地
大猿叶甲,河北,主要发生地
大猿叶甲,山西,主要发生地
大猿叶甲,山东,主要发生地
大猿叶甲,陕西,主要发生地
大猿叶甲,江苏,主要发生地
大猿叶甲,华南,主要发生地
大猿叶甲,西南,主要发生地
甜菜丛根病,山西,主要发生地
甜菜丛根病,甘肃,主要发生地
甜菜丛根病,宁夏,主要发生地
甜菜跳甲,湖北,主要发生地
甜菜跳甲,江西,主要发生地
甜菜跳甲,湖南,主要发生地
甜菜跳甲,浙江,主要发生地
甜菜跳甲,福建,主要发生地
甜菜跳甲,广东,主要发生地
甜菜跳甲,广西,主要发生地
甜菜跳甲,四川,主要发生地
甜菜跳甲,贵州,主要发生地
甜菜跳甲,黑龙江,主要发生地
甜菜白带野螟,黑龙江,主要发生地
甜菜白带野螟,吉林,主要发生地
甜菜白带野螟,辽宁,主要发生地
甜菜白带野螟,内蒙古,主要发生地
甜菜白带野螟,宁夏,主要发生地
甜菜白带野螟,青海,主要发生地
甜菜白带野螟,陕西,主要发生地
甜菜白带野螟,山西,主要发生地
甜菜白带野螟,北京,主要发生地
甜菜白带野螟,河北,主要发生地
甜菜白带野螟,山东,主要发生地
甜菜白带野螟,安徽,主要发生地
甜菜白带野螟,江苏,主要发生地
甜菜白带野螟,上海,主要发生地
甜菜白带野螟,浙江,主要发生地
甜菜白带野螟,江西,主要发生地
甜菜白带野螟,福建,主要发生地
甜菜白带野螟,台湾,主要发生地
甜菜白带野螟,湖南,主要发生地
甜菜白带野螟,湖北,主要发生地
甜菜白带野螟,广东,主要发生地
甜菜白带野螟,广西,主要发生地
甜菜白带野螟,贵州,主要发生地
甜菜白带野螟,重庆,主要发生地
甜菜白带野螟,四川,主要发生地
甜菜白带野螟,云南,主要发生地
甜菜白带野螟,西藏,主要发生地
黄草地螟,宁夏,主要发生地
黄草地螟,陕西,主要发生地
黄草地螟,新疆,主要发生地
黄草地螟,江苏,主要发生地
黄草地螟,四川,主要发生地
黄草地螟,云南,主要发生地
黄草地螟,山东,主要发生地
茶网饼病,安徽,主要发生地
茶网饼病,浙江,主要发生地
茶网饼病,江西,主要发生地
茶网饼病,福建,主要发生地
茶网饼病,广东,主要发生地
茶网饼病,四川,主要发生地
茶网饼病,贵州,主要发生地
茶网饼病,台湾,主要发生地
茶芽枯病,分布,主要发生地
茶芽枯病,安徽,主要发生地
茶芽枯病,浙江,主要发生地
茶芽枯病,湖南,主要发生地
茶芽枯病,江苏,主要发生地
茶芽枯病,江西,主要发生地
茶芽枯病,广东,主要发生地
茶红锈藻病,海南,主要发生地
茶红锈藻病,湖南,主要发生地
茶红锈藻病,浙江,主要发生地
茶红锈藻病,安徽,主要发生地
茶红锈藻病,江西,主要发生地
茶红锈藻病,湖北,主要发生地
茶红锈藻病,广西,主要发生地
茶红锈藻病,贵州,主要发生地
茶红锈藻病,云南,主要发生地
茶红锈藻病,台湾,主要发生地
茶白星病,福建,主要发生地
茶白星病,浙江,主要发生地
茶白星病,江西,主要发生地
茶白星病,湖南,主要发生地
茶白星病,四川,主要发生地
茶白星病,云南,主要发生地
茶白星病,贵州,主要发生地
茶褐色叶斑病,浙江,主要发生地
茶褐色叶斑病,安徽,主要发生地
茶褐色叶斑病,江苏,主要发生地
茶褐色叶斑病,湖南,主要发生地
茶褐色叶斑病,四川,主要发生地
茶褐色叶斑病,广东,主要发生地
茶苗白绢病,安徽,主要发生地
茶苗白绢病,湖北,主要发生地
茶苗白绢病,湖南,主要发生地
茶苗白绢病,广东,主要发生地
茶苗白绢病,四川,主要发生地
茶苗白绢病,云南,主要发生地
茶发毛病,安徽,主要发生地
茶发毛病,浙江,主要发生地
茶发毛病,广东,主要发生地
茶发毛病,云南,主要发生地
茶发毛病,贵州,主要发生地
茶发毛病,湖南,主要发生地
茶线腐病,广西,主要发生地
茶线腐病,云南,主要发生地
茶线腐病,海南,主要发生地
茶苗根结线虫病,安徽,主要发生地
茶苗根结线虫病,福建,主要发生地
茶苗根结线虫病,湖南,主要发生地
茶苗根结线虫病,广东,主要发生地
茶苗根结线虫病,广西,主要发生地
茶苗根结线虫病,云南,主要发生地
茶苗根结线虫病,四川,主要发生地
茶苗根结线虫病,台湾,主要发生地
茶苗根结线虫病,海南,主要发生地
茶枝黑痣病,安徽,主要发生地
茶枝黑痣病,浙江,主要发生地
茶枝黑痣病,湖南,主要发生地
茶枝黑痣病,云南,主要发生地
茶褐蓑蛾,江苏,主要发生地
茶褐蓑蛾,浙江,主要发生地
茶褐蓑蛾,安徽,主要发生地
茶褐蓑蛾,江西,主要发生地
茶褐蓑蛾,福建,主要发生地
茶褐蓑蛾,台湾,主要发生地
茶褐蓑蛾,湖南,主要发生地
茶褐蓑蛾,广东,主要发生地
茶褐蓑蛾,四川,主要发生地
茶褐蓑蛾,贵州,主要发生地
茶褐蓑蛾,云南,主要发生地
茶网蝽,广东,主要发生地
茶网蝽,贵州,主要发生地
茶网蝽,四川,主要发生地
茶网蝽,云南,主要发生地
椰圆蚧,云南,主要发生地
角蜡蚧,河北,主要发生地
角蜡蚧,山东,主要发生地
角蜡蚧,四川,主要发生地
角蜡蚧,云南,主要发生地
角蜡蚧,广东,主要发生地
角蜡蚧,广西,主要发生地
角蜡蚧,福建,主要发生地
角蜡蚧,浙江,主要发生地
角蜡蚧,江苏,主要发生地
角蜡蚧,湖北,主要发生地
角蜡蚧,湖南,主要发生地
角蜡蚧,贵州,主要发生地
茶梨蚧,安徽,主要发生地
茶梨蚧,江苏,主要发生地
茶梨蚧,浙江,主要发生地
茶梨蚧,广西,主要发生地
茶梨蚧,广东,主要发生地
茶梨蚧,福建,主要发生地
茶梨蚧,贵州,主要发生地
茶梨蚧,台湾,主要发生地
茶牡蛎蚧,安徽,主要发生地
茶牡蛎蚧,浙江,主要发生地
茶牡蛎蚧,上海,主要发生地
茶牡蛎蚧,福建,主要发生地
茶牡蛎蚧,台湾,主要发生地
茶牡蛎蚧,广东,主要发生地
茶牡蛎蚧,广西,主要发生地
茶牡蛎蚧,贵州,主要发生地
茶牡蛎蚧,四川,主要发生地
茶牡蛎蚧,云南,主要发生地
茶枝镰蛾,江苏,主要发生地
茶枝镰蛾,安徽,主要发生地
茶枝镰蛾,浙江,主要发生地
茶枝镰蛾,福建,主要发生地
茶枝镰蛾,江西,主要发生地
茶枝镰蛾,河南,主要发生地
茶枝镰蛾,湖南,主要发生地
茶枝镰蛾,广东,主要发生地
茶枝镰蛾,四川,主要发生地
茶枝镰蛾,贵州,主要发生地
茶枝镰蛾,云南,主要发生地
茶枝镰蛾,湖北,主要发生地
茶枝镰蛾,台湾,主要发生地
茶材小蠹,海南,主要发生地
茶材小蠹,四川,主要发生地
茶材小蠹,福建,主要发生地
茶材小蠹,贵州,主要发生地
茶材小蠹,云南,主要发生地
茶材小蠹,台湾,主要发生地
茶天牛,江苏,主要发生地
茶天牛,安徽,主要发生地
茶天牛,浙江,主要发生地
茶天牛,江西,主要发生地
茶天牛,福建,主要发生地
茶天牛,湖南,主要发生地
茶天牛,广东,主要发生地
茶天牛,广西,主要发生地
茶天牛,台湾,主要发生地
茶天牛,贵州,主要发生地
茶天牛,云南,主要发生地
茶角胸叶甲,赣南,主要发生地
茶橙瘿螨,山东,主要发生地
茶橙瘿螨,江苏,主要发生地
茶橙瘿螨,安徽,主要发生地
茶橙瘿螨,浙江,主要发生地
茶橙瘿螨,江西,主要发生地
茶橙瘿螨,湖南,主要发生地
茶橙瘿螨,福建,主要发生地
茶橙瘿螨,广东,主要发生地
茶橙瘿螨,台湾,主要发生地
茶橙瘿螨,广西,主要发生地
茶橙瘿螨,四川,主要发生地
茶橙瘿螨,贵州,主要发生地
茶叶瘿螨,江苏,主要发生地
茶叶瘿螨,浙江,主要发生地
茶叶瘿螨,安徽,主要发生地
茶叶瘿螨,江西,主要发生地
茶叶瘿螨,福建,主要发生地
茶叶瘿螨,山东,主要发生地
茶叶瘿螨,湖北,主要发生地
茶叶瘿螨,湖南,主要发生地
茶叶瘿螨,广东,主要发生地
茶叶瘿螨,贵州,主要发生地
茶叶瘿螨,台湾,主要发生地
茶红螨,江西,主要发生地
茶红螨,云南,主要发生地
茶红螨,广东,主要发生地
茶红螨,广西,主要发生地
茶红螨,福建,主要发生地
茶红螨,台湾,主要发生地
茶短须螨,山东,主要发生地
茶短须螨,安徽,主要发生地
茶短须螨,浙江,主要发生地
茶短须螨,福建,主要发生地
茶短须螨,台湾,主要发生地
茶短须螨,湖南,主要发生地
茶短须螨,广东,主要发生地
茶短须螨,广西,主要发生地
茶棍蓟马,广西,主要发生地
茶棍蓟马,海南,主要发生地
茶棍蓟马,贵州,主要发生地
咖啡小爪螨,江西,主要发生地
咖啡小爪螨,云南,主要发生地
咖啡小爪螨,广东,主要发生地
咖啡小爪螨,广西,主要发生地
咖啡小爪螨,福建,主要发生地
咖啡小爪螨,台湾,主要发生地
烟草蛙眼病,湖南,主要发生地
烟草蛙眼病,河南,主要发生地
烟草蛙眼病,云南,主要发生地
烟草根黑腐病,云南,主要发生地
烟草根黑腐病,广西,主要发生地
烟草根黑腐病,贵州,主要发生地
烟草根黑腐病,山东,主要发生地
烟草根黑腐病,安徽,主要发生地
烟草根黑腐病,湖北,主要发生地
烟草根黑腐病,四川,主要发生地
烟草白绢病,贵州,主要发生地
烟草白绢病,湖南,主要发生地
烟草白绢病,湖北,主要发生地
烟草白绢病,广东,主要发生地
烟草白绢病,广西,主要发生地
烟草白绢病,浙江,主要发生地
烟草白绢病,安徽,主要发生地
烟草白绢病,山东,主要发生地
烟草枯萎病,湖北,主要发生地
烟草枯萎病,河南,主要发生地
烟草枯萎病,云南,主要发生地
烟草枯萎病,福建,主要发生地
烟草枯萎病,陕西,主要发生地
烟草枯萎病,辽宁,主要发生地
烟草枯萎病,吉林,主要发生地
烟草枯萎病,黑龙江,主要发生地
烟草枯萎病,台湾,主要发生地
烟草斑点病,福建,主要发生地
烟草斑点病,台湾,主要发生地
烟草斑点病,云南,主要发生地
烟草斑点病,广西,主要发生地
烟草斑点病,贵州,主要发生地
烟草斑点病,湖南,主要发生地
烟草斑点病,四川,主要发生地
烟草斑点病,湖北,主要发生地
烟草斑点病,安徽,主要发生地
烟草斑点病,河南,主要发生地
烟草斑点病,辽宁,主要发生地
烟草斑点病,吉林,主要发生地
烟草青枯病,广西,主要发生地
烟草青枯病,福建,主要发生地
烟草青枯病,湖南,主要发生地
烟草青枯病,湖北,主要发生地
烟草青枯病,四川,主要发生地
烟草青枯病,浙江,主要发生地
烟草青枯病,安徽,主要发生地
烟草野火病,吉林,主要发生地
烟草野火病,辽宁,主要发生地
烟草野火病,山东,主要发生地
烟草野火病,四川,主要发生地
烟草野火病,云南,主要发生地
烟草角斑病,河南,主要发生地
烟草角斑病,安徽,主要发生地
烟草角斑病,四川,主要发生地
烟草角斑病,贵州,主要发生地
烟草角斑病,云南,主要发生地
烟草角斑病,浙江,主要发生地
烟草角斑病,陕西,主要发生地
烟草角斑病,广西,主要发生地
烟草角斑病,辽宁,主要发生地
烟草角斑病,吉林,主要发生地
烟草角斑病,黑龙江,主要发生地
烟草角斑病,山东,主要发生地
烟草马铃薯Y病毒病,辽宁,主要发生地
烟草马铃薯Y病毒病,河南,主要发生地
烟草马铃薯Y病毒病,四川,主要发生地
烟草蚀纹病毒病,安徽,主要发生地
烟草蚀纹病毒病,辽宁,主要发生地
烟草蚀纹病毒病,广东,主要发生地
烟草蚀纹病毒病,贵州,主要发生地
烟草环斑病毒病,山东,主要发生地
烟草环斑病毒病,河南,主要发生地
烟草环斑病毒病,安徽,主要发生地
烟草环斑病毒病,辽宁,主要发生地
烟草环斑病毒病,黑龙江,主要发生地
烟草环斑病毒病,云南,主要发生地
烟草环斑病毒病,贵州,主要发生地
烟草环斑病毒病,福建,主要发生地
烟草环斑病毒病,湖南,主要发生地
烟草环斑病毒病,湖北,主要发生地
烟草环斑病毒病,陕西,主要发生地
烟草环斑病毒病,台湾,主要发生地
烟草普通花叶病毒病,吉林,主要发生地
烟草普通花叶病毒病,辽宁,主要发生地
烟草普通花叶病毒病,山东,主要发生地
烟草普通花叶病毒病,河南,主要发生地
烟草普通花叶病毒病,安徽,主要发生地
烟草普通花叶病毒病,湖北,主要发生地
烟草普通花叶病毒病,四川,主要发生地
烟草普通花叶病毒病,重庆,主要发生地
烟草普通花叶病毒病,贵州,主要发生地
烟草普通花叶病毒病,云南,主要发生地
烟草普通花叶病毒病,福建,主要发生地
烟草普通花叶病毒病,广东,主要发生地
烟草普通花叶病毒病,台湾,主要发生地
烟草甜菜曲顶病毒病,安徽,主要发生地
烟草甜菜曲顶病毒病,陕西,主要发生地
烟草曲叶病毒病,福建,主要发生地
烟草曲叶病毒病,台湾,主要发生地
烟草曲叶病毒病,云南,主要发生地
烟草曲叶病毒病,贵州,主要发生地
烟草曲叶病毒病,辽宁,主要发生地
烟草曲叶病毒病,吉林,主要发生地
烟草根结线虫病,重庆,主要发生地
烟草根结线虫病,河南,主要发生地
烟草根结线虫病,云南,主要发生地
烟草根结线虫病,广西,主要发生地
烟草根结线虫病,湖南,主要发生地
烟草根结线虫病,湖北,主要发生地
烟草气候斑点病,河南,主要发生地
烟草气候斑点病,福建,主要发生地
烟草气候斑点病,广东,主要发生地
烟草气候斑点病,山东,主要发生地
烟草气候斑点病,广西,主要发生地
烟草剑叶病,在山,主要发生地
烟草根褐腐线虫病,陕西,主要发生地
烟草根褐腐线虫病,山东,主要发生地
烟草根褐腐线虫病,安徽,主要发生地
菟丝子,河南,主要发生地
菟丝子,四川,主要发生地
菟丝子,山东,主要发生地
菟丝子,安徽,主要发生地
菟丝子,辽宁,主要发生地
菟丝子,吉林,主要发生地
菟丝子,黑龙江,主要发生地
烟草潜叶蛾,云南,主要发生地
烟草潜叶蛾,广西,主要发生地
烟草潜叶蛾,浙江,主要发生地
烟草蛀茎蛾,云南,主要发生地
烟草蛀茎蛾,海南,主要发生地
芝麻天蛾,北京,主要发生地
芝麻天蛾,河北,主要发生地
芝麻天蛾,河南,主要发生地
芝麻天蛾,山东,主要发生地
芝麻天蛾,山西,主要发生地
芝麻天蛾,陕西,主要发生地
芝麻天蛾,浙江,主要发生地
芝麻天蛾,江西,主要发生地
芝麻天蛾,湖北,主要发生地
芝麻天蛾,广东,主要发生地
芝麻天蛾,广西,主要发生地
芝麻天蛾,云南,主要发生地
烟青虫,河北,主要发生地
花生茎腐病,江苏,主要发生地
花生茎腐病,河南,主要发生地
花生茎腐病,河北,主要发生地
花生茎腐病,陕西,主要发生地
花生茎腐病,辽宁,主要发生地
花生茎腐病,安徽,主要发生地
花生茎腐病,海南,主要发生地
花生茎腐病,广东,主要发生地
花生青枯病,广东,主要发生地
花生青枯病,广西,主要发生地
花生青枯病,福建,主要发生地
花生青枯病,江西,主要发生地
花生青枯病,湖南,主要发生地
花生青枯病,湖北,主要发生地
花生青枯病,江苏,主要发生地
花生青枯病,安徽,主要发生地
花生青枯病,辽宁,主要发生地
花生青枯病,河北,主要发生地
花生普通花叶病,河南,主要发生地
花生普通花叶病,河北,主要发生地
花生普通花叶病,辽宁,主要发生地
花生普通花叶病,山东,主要发生地
油葫芦,安徽,主要发生地
油葫芦,江苏,主要发生地
油葫芦,浙江,主要发生地
油葫芦,江西,主要发生地
油葫芦,福建,主要发生地
油葫芦,河北,主要发生地
油葫芦,山东,主要发生地
油葫芦,山西,主要发生地
油葫芦,广东,主要发生地
油葫芦,广西,主要发生地
油葫芦,贵州,主要发生地
油葫芦,云南,主要发生地
油葫芦,西藏,主要发生地
油葫芦,海南,主要发生地
油菜黑胫病,浙江,主要发生地
油菜黑胫病,安徽,主要发生地
油菜黑胫病,江西,主要发生地
油菜黑胫病,湖北,主要发生地
油菜黑胫病,湖南,主要发生地
油菜黑胫病,四川,主要发生地
油菜细菌性黑斑病,湖北,主要发生地
油菜细菌性黑斑病,湖南,主要发生地
油菜细菌性黑斑病,云南,主要发生地
油菜细菌性黑斑病,广东,主要发生地
黑缝油菜叶甲,河北,主要发生地
黑缝油菜叶甲,山西,主要发生地
黑缝油菜叶甲,陕西,主要发生地
黑缝油菜叶甲,甘肃,主要发生地
黑缝油菜叶甲,山东,主要发生地
黑缝油菜叶甲,江苏,主要发生地
芝麻疫病,江西,主要发生地
芝麻疫病,河南,主要发生地
芝麻疫病,山东,主要发生地
芝麻枯萎病,河南,主要发生地
芝麻枯萎病,湖北,主要发生地
芝麻枯萎病,江西,主要发生地
芝麻枯萎病,河北,主要发生地
芝麻枯萎病,山西,主要发生地
芝麻枯萎病,陕西,主要发生地
芝麻枯萎病,新疆,主要发生地
芝麻枯萎病,吉林,主要发生地
芝麻白粉病,吉林,主要发生地
芝麻白粉病,山东,主要发生地
芝麻白粉病,河南,主要发生地
芝麻白粉病,山西,主要发生地
芝麻白粉病,陕西,主要发生地
芝麻白粉病,湖北,主要发生地
芝麻白粉病,湖南,主要发生地
芝麻白粉病,江苏,主要发生地
芝麻白粉病,江西,主要发生地
芝麻白粉病,云南,主要发生地
芝麻白粉病,广东,主要发生地
芝麻黑斑病,河北,主要发生地
芝麻黑斑病,吉林,主要发生地
芝麻黑斑病,辽宁,主要发生地
芝麻褐斑病,吉林,主要发生地
芝麻褐斑病,河南,主要发生地
芝麻褐斑病,四川,主要发生地
芝麻青枯病,江西,主要发生地
芝麻青枯病,广西,主要发生地
芝麻青枯病,四川,主要发生地
向日葵叶枯病,山东,主要发生地
向日葵叶枯病,湖北,主要发生地
向日葵黑斑病,辽宁,主要发生地
蓖麻灰斑病,吉林,主要发生地
蓖麻灰斑病,辽宁,主要发生地
蓖麻灰斑病,河北,主要发生地
蓖麻灰斑病,河南,主要发生地
蓖麻灰斑病,安徽,主要发生地
蓖麻灰斑病,江苏,主要发生地
蓖麻灰斑病,四川,主要发生地
蓖麻灰斑病,云南,主要发生地
蓖麻灰斑病,广西,主要发生地
蓖麻灰斑病,广东,主要发生地
蓖麻灰斑病,福建,主要发生地
蓖麻灰斑病,台湾,主要发生地
蓖麻黑斑病,黑龙江,主要发生地
蓖麻黑斑病,吉林,主要发生地
蓖麻黑斑病,辽宁,主要发生地
蓖麻黑斑病,河北,主要发生地
蓖麻黑斑病,河南,主要发生地
蓖麻黑斑病,山东,主要发生地
蓖麻黑斑病,山西,主要发生地
蓖麻黑斑病,甘肃,主要发生地
蓖麻黑斑病,四川,主要发生地
蓖麻黑斑病,湖北,主要发生地
蓖麻黑斑病,广西,主要发生地
蓖麻黑斑病,台湾,主要发生地
蓖麻枯萎病,陕西,主要发生地
蓖麻枯萎病,广西,主要发生地
甘蔗凤梨病,广东,主要发生地
甘蔗凤梨病,广西,主要发生地
甘蔗凤梨病,云南,主要发生地
甘蔗凤梨病,四川,主要发生地
甘蔗凤梨病,福建,主要发生地
甘蔗凤梨病,江西,主要发生地
甘蔗凤梨病,台湾,主要发生地
甘蔗黄斑病,广东,主要发生地
甘蔗黄斑病,广西,主要发生地
甘蔗黄斑病,四川,主要发生地
甘蔗黄斑病,云南,主要发生地
甘蔗黄斑病,福建,主要发生地
甘蔗黄斑病,浙江,主要发生地
甘蔗黄斑病,江西,主要发生地
甘蔗黄斑病,台湾,主要发生地
甘蔗眼斑病,江西,主要发生地
甘蔗眼斑病,湖南,主要发生地
甘蔗眼斑病,福建,主要发生地
甘蔗眼斑病,台湾,主要发生地
甘蔗眼斑病,广东,主要发生地
甘蔗眼斑病,广西,主要发生地
甘蔗眼斑病,云南,主要发生地
甘蔗眼斑病,四川,主要发生地
甘蔗梢腐病,广西,主要发生地
甘蔗梢腐病,福建,主要发生地
甘蔗梢腐病,台湾,主要发生地
甘蔗梢腐病,云南,主要发生地
甘蔗梢腐病,四川,主要发生地
甘蔗梢腐病,江西,主要发生地
甘蔗花叶病,广东,主要发生地
甘蔗褪绿条纹病,广西,主要发生地
甘蔗褪绿条纹病,云南,主要发生地
甘蔗长蝽,福建,主要发生地
甘蔗长蝽,江西,主要发生地
甘蔗长蝽,台湾,主要发生地
甘蔗长蝽,广东,主要发生地
甘蔗长蝽,广西,主要发生地
甘蔗扁角飞虱,台湾,主要发生地
甘蔗扁角飞虱,云南,主要发生地
甘蔗扁角飞虱,贵州,主要发生地
食根缘齿天牛,广东,主要发生地
食根缘齿天牛,广西,主要发生地
食根缘齿天牛,云南,主要发生地
甘蔗灰粉蚧,福建,主要发生地
甘蔗灰粉蚧,四川,主要发生地
棉双斜卷蛾,华北,主要发生地
棉双斜卷蛾,华东,主要发生地
棉双斜卷蛾,中南,主要发生地
焦条丽夜蛾,山东,主要发生地
焦条丽夜蛾,河北,主要发生地
焦条丽夜蛾,陕西,主要发生地
焦条丽夜蛾,台湾,主要发生地
焦条丽夜蛾,广东,主要发生地
焦条丽夜蛾,广西,主要发生地
焦条丽夜蛾,云南,主要发生地
焦条丽夜蛾,西藏,主要发生地
棉红蝽,湖北,主要发生地
棉红蝽,福建,主要发生地
棉红蝽,广东,主要发生地
棉红蝽,广西,主要发生地
棉红蝽,云南,主要发生地
棉红蝽,四川,主要发生地
棉红蝽,海南,主要发生地
棉红蝽,台湾,主要发生地
棉小卵象,陕西,主要发生地
棉小卵象,河北,主要发生地
棉小卵象,江苏,主要发生地
棉小卵象,浙江,主要发生地
棉小卵象,四川,主要发生地
棉小卵象,广东,主要发生地
棉小卵象,福建,主要发生地
棉尖象,河北,主要发生地
棉尖象,山西,主要发生地
棉尖象,陕西,主要发生地
棉尖象,河南,主要发生地
棉尖象,山东,主要发生地
棉尖象,江苏,主要发生地
棉尖象,安徽,主要发生地
棉四点叶甲,福建,主要发生地
棉四点叶甲,云南,主要发生地
棉四点叶甲,广西,主要发生地
棉四点叶甲,广东,主要发生地
棉四点叶甲,四川,主要发生地
棉四点叶甲,西藏,主要发生地
黄肩绿蝽,河北,主要发生地
黄肩绿蝽,安徽,主要发生地
黄肩绿蝽,江西,主要发生地
黄肩绿蝽,湖北,主要发生地
黄肩绿蝽,湖南,主要发生地
黄肩绿蝽,四川,主要发生地
黄肩绿蝽,福建,主要发生地
黄肩绿蝽,贵州,主要发生地
黄肩绿蝽,云南,主要发生地
油葫芦,东北,主要发生地
油葫芦,河南,主要发生地
油葫芦,四川,主要发生地
油葫芦,湖南,主要发生地
油葫芦,台湾,主要发生地
亚麻斑点病,吉林,主要发生地
亚麻斑点病,山西,主要发生地
亚麻斑点病,河北,主要发生地
大麻霜霉病,华北,主要发生地
大麻霜霉病,东北,主要发生地
大麻霜霉病,云南,主要发生地
大麻白星病,吉林,主要发生地
大麻白星病,辽宁,主要发生地
大麻白星病,新疆,主要发生地
大麻白星病,河北,主要发生地
大麻白星病,山东,主要发生地
大麻白星病,甘肃,主要发生地
大麻白星病,贵州,主要发生地
大麻白星病,台湾,主要发生地
苎麻角斑病,四川,主要发生地
苎麻角斑病,广东,主要发生地
苎麻角斑病,广西,主要发生地
苎麻角斑病,台湾,主要发生地
大豆锈病,湖北,主要发生地
大豆锈病,江西,主要发生地
大豆锈病,云南,主要发生地
大豆锈病,安徽,主要发生地
大豆锈病,江苏,主要发生地
大豆锈病,福建,主要发生地
大豆锈病,台湾,主要发生地
大豆锈病,海南,主要发生地
大豆锈病,广西,主要发生地
大豆褐斑病,东北,主要发生地
大豆褐斑病,四川,主要发生地
大豆褐斑病,河南,主要发生地
大豆褐斑病,山东,主要发生地
大豆褐斑病,江苏,主要发生地
大豆黑点病,东北,主要发生地
大豆黑点病,河南,主要发生地
大豆黑点病,山东,主要发生地
大豆黑点病,江苏,主要发生地
大豆黑点病,湖北,主要发生地
大豆黑点病,四川,主要发生地
大豆黑点病,云南,主要发生地
大豆叶斑病,四川,主要发生地
大豆叶斑病,河南,主要发生地
大豆叶斑病,山东,主要发生地
大豆叶斑病,江苏,主要发生地
大豆褐纹病,吉林,主要发生地
大豆褐纹病,辽宁,主要发生地
大豆褐纹病,山东,主要发生地
大豆褐纹病,四川,主要发生地
大豆褐纹病,河南,主要发生地
大豆褐纹病,江苏,主要发生地
豆秆黑潜蝇,河南,主要发生地
豆秆黑潜蝇,江苏,主要发生地
豆秆黑潜蝇,安徽,主要发生地
豆秆黑潜蝇,浙江,主要发生地
豆秆黑潜蝇,江西,主要发生地
豆秆黑潜蝇,湖南,主要发生地
豆秆黑潜蝇,贵州,主要发生地
豆秆黑潜蝇,甘肃,主要发生地
豆秆黑潜蝇,广西,主要发生地
豆秆黑潜蝇,云南,主要发生地
豆秆黑潜蝇,福建,主要发生地
豆秆黑潜蝇,台湾,主要发生地
豆根蛇潜蝇,吉林,主要发生地
豆根蛇潜蝇,辽宁,主要发生地
豆根蛇潜蝇,山东,主要发生地
豆根蛇潜蝇,河北,主要发生地
豆叶东潜蝇,北京,主要发生地
豆叶东潜蝇,河南,主要发生地
豆叶东潜蝇,河北,主要发生地
豆叶东潜蝇,山东,主要发生地
豆叶东潜蝇,江苏,主要发生地
豆叶东潜蝇,福建,主要发生地
豆叶东潜蝇,四川,主要发生地
豆叶东潜蝇,陕西,主要发生地
豆叶东潜蝇,广东,主要发生地
豆叶东潜蝇,云南,主要发生地
斑背安缘蝽,山东,主要发生地
斑背安缘蝽,河南,主要发生地
斑背安缘蝽,安徽,主要发生地
斑背安缘蝽,江苏,主要发生地
斑背安缘蝽,浙江,主要发生地
斑背安缘蝽,四川,主要发生地
斑背安缘蝽,贵州,主要发生地
斑背安缘蝽,云南,主要发生地
斑背安缘蝽,福建,主要发生地
斑背安缘蝽,江西,主要发生地
斑背安缘蝽,西藏,主要发生地
豆叶螨,北京,主要发生地
玉米铁甲,贵州,主要发生地
禾蓟马,蒙古,主要发生地
禾蓟马,辽宁,主要发生地
禾蓟马,福建,主要发生地
禾蓟马,广东,主要发生地
禾蓟马,广西,主要发生地
禾蓟马,四川,主要发生地
禾蓟马,云南,主要发生地
禾蓟马,西藏,主要发生地
禾蓟马,陕西,主要发生地
禾蓟马,甘肃,主要发生地
禾蓟马,青海,主要发生地
禾蓟马,宁夏,主要发生地
禾蓟马,新疆,主要发生地
禾蓟马,江西,主要发生地
禾蓟马,河南,主要发生地
高粱坚黑穗病,山东,主要发生地
高粱柱黑粉病,吉林,主要发生地
高粱柱黑粉病,辽宁,主要发生地
高粱柱黑粉病,河北,主要发生地
高粱柱黑粉病,甘肃,主要发生地
高粱细菌性条纹病,河北,主要发生地
高粱细菌性条纹病,山西,主要发生地
高粱细菌性条纹病,山东,主要发生地
高粱细菌性条纹病,河南,主要发生地
高粱细菌性条纹病,江苏,主要发生地
高粱细菌性红条病,河南,主要发生地
高粱细菌性红条病,山东,主要发生地
高粱细菌性红条病,江苏,主要发生地
高粱细菌性红条病,湖北,主要发生地
高粱细菌性斑点病,吉林,主要发生地
高粱细菌性斑点病,湖南,主要发生地
高粱细菌性斑点病,云南,主要发生地
谷类大蚊,东北,主要发生地
谷类大蚊,华北,主要发生地
谷类大蚊,西北,主要发生地
粟细菌性褐斑条斑病,河北,主要发生地
粟细菌性褐斑条斑病,河南,主要发生地
粟细菌性褐斑条斑病,山东,主要发生地
粟细菌性褐斑条斑病,江苏,主要发生地
粟细菌性褐斑条斑病,湖北,主要发生地
粟墨黑粉病,辽宁,主要发生地
粟墨黑粉病,河北,主要发生地
粟细菌性条斑病,河北,主要发生地
粟细菌性条斑病,河南,主要发生地
粟细菌性条斑病,山东,主要发生地
粟细菌性条斑病,江苏,主要发生地
粟细菌性条斑病,湖北,主要发生地
甘薯茎螟,福建,主要发生地
甘薯茎螟,台湾,主要发生地
甘薯茎螟,广东,主要发生地
甘薯茎螟,海南,主要发生地
甘薯茎螟,广西,主要发生地
甘薯茎螟,云南,主要发生地
甘薯根腐病,河北,主要发生地
甘薯根腐病,河南,主要发生地
甘薯根腐病,江苏,主要发生地
甘薯根腐病,安徽,主要发生地
甘薯根腐病,湖南,主要发生地
甘薯根腐病,湖北,主要发生地
甘薯根腐病,陕西,主要发生地
甘薯紫纹羽病,浙江,主要发生地
甘薯紫纹羽病,福建,主要发生地
甘薯紫纹羽病,江苏,主要发生地
甘薯紫纹羽病,山东,主要发生地
甘薯紫纹羽病,河北,主要发生地
甘薯紫纹羽病,河南,主要发生地
甘薯蚁象甲,江西,主要发生地
甘薯蚁象甲,湖南,主要发生地
甘薯蚁象甲,贵州,主要发生地
甘薯蚁象甲,台湾,主要发生地
甘薯蚁象甲,海南,主要发生地
甘薯蚁象甲,广东,主要发生地
甘薯蚁象甲,广西,主要发生地
甘薯蚁象甲,云南,主要发生地
甘薯蚁象甲,福建,主要发生地
甘薯蜡龟甲,福建,主要发生地
甘薯蜡龟甲,台湾,主要发生地
甘薯蜡龟甲,广东,主要发生地
甘薯蜡龟甲,广西,主要发生地
甘薯蜡龟甲,贵州,主要发生地
甘薯蜡龟甲,四川,主要发生地
甘薯蜡龟甲,湖北,主要发生地
甘薯蜡龟甲,浙江,主要发生地
甘薯蜡龟甲,江苏,主要发生地
笨蝗,东北,主要发生地
笨蝗,内蒙,主要发生地
笨蝗,河北,主要发生地
笨蝗,河南,主要发生地
笨蝗,山西,主要发生地
笨蝗,山东,主要发生地
笨蝗,江苏,主要发生地
笨蝗,安徽,主要发生地
笨蝗,宁夏,主要发生地
笨蝗,陕西,主要发生地
笨蝗,武威,主要发生地
笨蝗,兰州,主要发生地
笨蝗,庆阳,主要发生地
笨蝗,正宁,主要发生地
笨蝗,平凉,主要发生地
马铃薯青枯病,四川,主要发生地
马铃薯青枯病,贵州,主要发生地
马铃薯青枯病,云南,主要发生地
马铃薯青枯病,广东,主要发生地
马铃薯青枯病,福建,主要发生地
马铃薯青枯病,台湾,主要发生地
马铃薯青枯病,江西,主要发生地
马铃薯青枯病,江苏,主要发生地
马铃薯青枯病,浙江,主要发生地
马铃薯青枯病,上海,主要发生地
马铃薯青枯病,安徽,主要发生地
马铃薯青枯病,河南,主要发生地
马铃薯青枯病,北京,主要发生地
马铃薯青枯病,天津,主要发生地
马铃薯青枯病,辽宁,主要发生地
黄胫小车蝗,河北,主要发生地
麦穗夜蛾,甘肃,主要发生地
麦穗夜蛾,青海,主要发生地
麦茎谷蛾,山东,主要发生地
麦茎谷蛾,河北,主要发生地
麦茎谷蛾,江苏,主要发生地
麦茎谷蛾,甘肃,主要发生地
绿翅脊萤叶甲,四川,主要发生地
绿翅脊萤叶甲,西藏,主要发生地
玉米褐斑病,山东,主要发生地
玉米褐斑病,安徽,主要发生地
玉米疯顶病,甘肃,主要发生地
玉米疯顶病,新疆,主要发生地
玉米疯顶病,四川,主要发生地
玉米疯顶病,河北,主要发生地
玉米疯顶病,北京,主要发生地
玉米疯顶病,江苏,主要发生地
玉米疯顶病,山西,主要发生地
玉米疯顶病,山东,主要发生地
玉米疯顶病,台湾,主要发生地
玉米圆斑病,吉林,主要发生地
玉米圆斑病,辽宁,主要发生地
玉米圆斑病,河北,主要发生地
玉米干腐病,安徽,主要发生地
玉米干腐病,四川,主要发生地
玉米干腐病,广东,主要发生地
玉米干腐病,云南,主要发生地
玉米干腐病,贵州,主要发生地
玉米干腐病,湖南,主要发生地
玉米干腐病,湖北,主要发生地
玉米干腐病,浙江,主要发生地
银锭夜蛾,东北,主要发生地
银锭夜蛾,华北,主要发生地
银锭夜蛾,华东,主要发生地
银锭夜蛾,西北,主要发生地
向日葵褐斑病,吉林,主要发生地
向日葵褐斑病,辽宁,主要发生地
向日葵褐斑病,河北,主要发生地
向日葵褐斑病,甘肃,主要发生地
向日葵褐斑病,江西,主要发生地
向日葵褐斑病,广西,主要发生地
向日葵褐斑病,云南,主要发生地
向日葵细菌性叶斑病,广西,主要发生地
向日葵细菌性叶斑病,湖北,主要发生地
向日葵细菌性叶斑病,江苏,主要发生地
向日葵细菌性叶斑病,山东,主要发生地
向日葵细菌性叶斑病,河南,主要发生地
向日葵细菌性叶斑病,河北,主要发生地
向日葵细菌性叶斑病,辽宁,主要发生地
向日葵细菌性叶斑病,吉林,主要发生地
葱黄寡毛跳甲,吉林,主要发生地
葱黄寡毛跳甲,河北,主要发生地
葱黄寡毛跳甲,山西,主要发生地
葱黄寡毛跳甲,江苏,主要发生地
葱黄寡毛跳甲,安徽,主要发生地
韭菜迟眼蕈蚊,湖北,主要发生地
韭菜迟眼蕈蚊,浙江,主要发生地
黄星蝗,海南,主要发生地
黄星蝗,广西,主要发生地
黄星蝗,贵州,主要发生地
黄星蝗,云南,主要发生地
黄星蝗,四川,主要发生地
水稻云形病,广东,主要发生地
水稻云形病,江西,主要发生地
水稻云形病,湖南,主要发生地
水稻云形病,浙江,主要发生地
水稻云形病,江苏,主要发生地
水稻云形病,上海,主要发生地
水稻云形病,安徽,主要发生地
水稻紫鞘病,广西,主要发生地
水稻紫鞘病,广东,主要发生地
水稻紫鞘病,湖南,主要发生地
水稻紫鞘病,湖北,主要发生地
水稻紫鞘病,安徽,主要发生地
水稻紫鞘病,江苏,主要发生地
水稻紫鞘病,浙江,主要发生地
水稻紫鞘病,江西,主要发生地
水稻紫鞘病,贵州,主要发生地
水稻细菌性条斑病,江苏,主要发生地
水稻细菌性条斑病,安徽,主要发生地
水稻细菌性条斑病,湖南,主要发生地
水稻细菌性条斑病,湖北,主要发生地
水稻细菌性条斑病,云南,主要发生地
水稻细菌性条斑病,贵州,主要发生地
水稻根结线虫病,广西,主要发生地
水稻根结线虫病,海南,主要发生地
水稻根结线虫病,云南,主要发生地
稻切叶野螟,浙江,主要发生地
稻切叶野螟,福建,主要发生地
稻切叶野螟,江西,主要发生地
稻切叶野螟,湖南,主要发生地
稻切叶野螟,湖北,主要发生地
稻切叶野螟,广东,主要发生地
稻切叶野螟,广西,主要发生地
稻潜叶蝇,东北,主要发生地
稻潜叶蝇,华北,主要发生地
稻潜叶蝇,浙江,主要发生地
大稻缘蝽,广西,主要发生地
大稻缘蝽,海南,主要发生地
大稻缘蝽,云南,主要发生地
大稻缘蝽,台湾,主要发生地
黑尾叶蝉,江苏,主要发生地
黑尾叶蝉,安徽,主要发生地
黑尾叶蝉,浙江,主要发生地
黑尾叶蝉,湖南,主要发生地
黑尾叶蝉,湖北,主要发生地
黑尾叶蝉,福建,主要发生地
黑尾叶蝉,广东,主要发生地
黑尾叶蝉,广西,主要发生地
黑尾叶蝉,四川,主要发生地
黑尾叶蝉,贵州,主要发生地
白翅叶蝉,浙江,主要发生地
白翅叶蝉,江西,主要发生地
白翅叶蝉,湖南,主要发生地
白翅叶蝉,湖北,主要发生地
白翅叶蝉,福建,主要发生地
白翅叶蝉,台湾,主要发生地
白翅叶蝉,广东,主要发生地
白翅叶蝉,广西,主要发生地
白翅叶蝉,四川,主要发生地
白翅叶蝉,贵州,主要发生地
白翅叶蝉,云南,主要发生地
稻赤斑沫蝉,湖北,主要发生地
稻赤斑沫蝉,江苏,主要发生地
稻赤斑沫蝉,浙江,主要发生地
稻筒水螟,福建,主要发生地
稻筒水螟,台湾,主要发生地
稻筒水螟,广东,主要发生地
稻筒水螟,广西,主要发生地
稻筒水螟,四川,主要发生地
稻筒水螟,云南,主要发生地
稻筒水螟,河南,主要发生地
稻筒水螟,宁夏,主要发生地
稻筒水螟,贵州,主要发生地
水稻负泥虫,江西,主要发生地
水稻负泥虫,湖北,主要发生地
水稻负泥虫,湖南,主要发生地
水稻负泥虫,台湾,主要发生地
水稻负泥虫,福建,主要发生地
水稻负泥虫,广东,主要发生地
水稻负泥虫,广西,主要发生地
水稻负泥虫,云南,主要发生地
水稻负泥虫,贵州,主要发生地
福寿螺,广东,主要发生地
福寿螺,广西,主要发生地
福寿螺,福建,主要发生地
福寿螺,浙江,主要发生地
福寿螺,上海,主要发生地
福寿螺,海南,主要发生地
福寿螺,台湾,主要发生地
长肩棘缘蝽,云南,主要发生地
长肩棘缘蝽,贵州,主要发生地
小麦雪霉叶枯病,陕西,主要发生地
小麦雪霉叶枯病,甘肃,主要发生地
小麦雪霉叶枯病,宁夏,主要发生地
小麦雪霉叶枯病,青海,主要发生地
小麦雪霉叶枯病,新疆,主要发生地
小麦雪霉叶枯病,四川,主要发生地
小麦雪霉叶枯病,贵州,主要发生地
小麦雪霉叶枯病,西藏,主要发生地
小麦雪霉叶枯病,河南,主要发生地
小麦土传花叶病毒病,河南,主要发生地
小麦土传花叶病毒病,江苏,主要发生地
小麦土传花叶病毒病,浙江,主要发生地
小麦土传花叶病毒病,安徽,主要发生地
小麦土传花叶病毒病,四川,主要发生地
小麦土传花叶病毒病,陕西,主要发生地
小麦蜜穗病,河北,主要发生地
小麦蜜穗病,山东,主要发生地
小麦蜜穗病,安徽,主要发生地
小麦蜜穗病,江苏,主要发生地
小麦蜜穗病,浙江,主要发生地
小麦蜜穗病,贵州,主要发生地
小麦细菌性条斑病,西藏,主要发生地
小麦细菌性条斑病,山东,主要发生地
小麦细菌性条斑病,北京,主要发生地
大麦麦角病,浙江,主要发生地
大麦麦角病,安徽,主要发生地
大麦麦角病,山东,主要发生地
大麦麦角病,广西,主要发生地
大麦麦角病,湖南,主要发生地
大麦麦角病,四川,主要发生地
大麦麦角病,甘肃,主要发生地
大麦麦角病,河北,主要发生地
大麦麦角病,吉林,主要发生地
大麦麦角病,黑龙江,主要发生地
大麦麦角病,新疆,主要发生地
